city,latitude,longitude,weather_main,weather_description,base,temperature,feels_like,minimum_temperature,maximum_temperature,pressure,humidity,sea_level,ground_level,visibility,wind_speed,wind_direction,gust,clouds,weather_time,sunrise,sunset,country,location_name,extraction_time,weather_hour,date,time,day_of_week
panda,9.2624,7.8385,rain,light rain,stations,30.57,34.66,30.57,30.57,1012,63,1012,969,10000,2.64,145,2.31,68,2026-06-05 12:23:20,2026-06-05 05:08:05,2026-06-05 17:46:26,NG,Maitama,2026-06-05 12:23:21.472807,12,2026-06-05,12:23:20,Friday
gurara,9.322,7.0232,rain,light rain,stations,30.47,34.21,30.47,30.47,1011,62,1011,971,10000,2.06,184,1.91,89,2026-06-05 12:23:21,2026-06-05 05:11:15,2026-06-05 17:49:48,NG,Suleja,2026-06-05 12:23:22.115248,12,2026-06-05,12:23:21,Friday
bwari,9.2856,7.3787,rain,light rain,stations,29.73,32.51,29.73,29.73,1012,61,1012,950,10000,1.84,181,1.81,80,2026-06-05 12:23:22,2026-06-05 05:09:53,2026-06-05 17:48:19,NG,Maitama,2026-06-05 12:23:22.780795,12,2026-06-05,12:23:22,Friday
gwagwalada,9.0764,6.9854,rain,light rain,stations,33.29,37.82,33.29,33.29,1011,53,1011,988,10000,1.73,160,1.71,87,2026-06-05 12:23:22,2026-06-05 05:11:49,2026-06-05 17:49:32,NG,Kwali,2026-06-05 12:23:23.445441,12,2026-06-05,12:23:22,Friday
makurdi,7.7306,8.5361,clouds,overcast clouds,stations,30.16,34.0,30.16,30.16,1011,64,1011,1000,10000,2.34,199,2.81,100,2026-06-05 12:23:23,2026-06-05 05:07:55,2026-06-05 17:41:02,NG,Walmayo,2026-06-05 12:23:23.804682,12,2026-06-05,12:23:23,Friday
panda,9.2624,7.8385,rain,light rain,stations,29.99,33.43,29.99,29.99,1009,63,1009,966,10000,2.87,187,3.5,100,2026-06-05 15:14:59,2026-06-05 05:08:05,2026-06-05 17:46:26,NG,Maitama,2026-06-05 15:15:00.189868,15,2026-06-05,15:14:59,Friday
gurara,9.322,7.0232,clouds,overcast clouds,stations,31.9,34.91,31.9,31.9,1009,53,1009,969,10000,1.36,134,1.63,100,2026-06-05 15:15:00,2026-06-05 05:11:15,2026-06-05 17:49:48,NG,Suleja,2026-06-05 15:15:00.760855,15,2026-06-05,15:15:00,Friday
bwari,9.2856,7.3787,rain,light rain,stations,29.39,31.88,29.39,29.39,1009,61,1009,948,10000,1.47,172,1.62,99,2026-06-05 15:15:00,2026-06-05 05:09:53,2026-06-05 17:48:19,NG,Maitama,2026-06-05 15:15:01.331294,15,2026-06-05,15:15:00,Friday
gwagwalada,9.0764,6.9854,clouds,overcast clouds,stations,33.48,36.97,33.48,33.48,1008,49,1008,986,10000,1.86,120,1.74,100,2026-06-05 15:15:01,2026-06-05 05:11:49,2026-06-05 17:49:32,NG,Kwali,2026-06-05 15:15:01.911450,15,2026-06-05,15:15:01,Friday
makurdi,7.7306,8.5361,clouds,overcast clouds,stations,31.26,35.14,31.26,31.26,1009,59,1009,998,10000,1.69,175,1.88,100,2026-06-05 15:15:01,2026-06-05 05:07:55,2026-06-05 17:41:02,NG,Walmayo,2026-06-05 15:15:02.487608,15,2026-06-05,15:15:01,Friday
panda,9.2624,7.8385,rain,moderate rain,stations,25.03,25.86,25.03,25.03,1011,87,1011,968,5009,2.01,104,3.08,100,2026-06-05 17:59:38,2026-06-05 05:08:05,2026-06-05 17:46:26,NG,Maitama,2026-06-05 17:59:39.059772,17,2026-06-05,17:59:38,Friday
gurara,9.322,7.0232,rain,moderate rain,stations,27.25,29.58,27.25,27.25,1010,73,1010,969,10000,1.61,132,1.7,100,2026-06-05 17:59:39,2026-06-05 05:11:15,2026-06-05 17:49:48,NG,Suleja,2026-06-05 17:59:39.616595,17,2026-06-05,17:59:39,Friday
bwari,9.2856,7.3787,rain,moderate rain,stations,24.34,25.05,24.34,24.34,1011,85,1011,949,4553,1.94,123,2.24,99,2026-06-05 17:59:39,2026-06-05 05:09:53,2026-06-05 17:48:19,NG,Maitama,2026-06-05 17:59:40.170828,17,2026-06-05,17:59:39,Friday
gwagwalada,9.0764,6.9854,rain,light rain,stations,29.27,32.37,29.27,29.27,1009,65,1009,986,10000,2.31,151,4.59,91,2026-06-05 17:59:40,2026-06-05 05:11:49,2026-06-05 17:49:32,NG,Kwali,2026-06-05 17:59:40.727756,17,2026-06-05,17:59:40,Friday
makurdi,7.7306,8.5361,clouds,overcast clouds,stations,27.82,30.83,27.82,27.82,1010,74,1010,999,10000,2.78,163,6.61,100,2026-06-05 17:59:40,2026-06-05 05:07:55,2026-06-05 17:41:02,NG,Walmayo,2026-06-05 17:59:41.198584,17,2026-06-05,17:59:40,Friday
panda,9.2624,7.8385,rain,moderate rain,stations,24.55,25.33,24.55,24.55,1014,87,1014,970,10000,1.73,20,2.23,82,2026-06-05 20:05:55,2026-06-05 05:08:05,2026-06-05 17:46:26,NG,Maitama,2026-06-05 20:05:56.199461,20,2026-06-05,20:05:55,Friday
gurara,9.322,7.0232,rain,moderate rain,stations,25.1,25.83,25.1,25.1,1013,83,1013,972,3803,2.66,84,4.71,99,2026-06-05 20:05:56,2026-06-05 05:11:15,2026-06-05 17:49:48,NG,Suleja,2026-06-05 20:05:56.755821,20,2026-06-05,20:05:56,Friday
bwari,9.2856,7.3787,rain,moderate rain,stations,23.3,23.98,23.3,23.3,1014,88,1014,951,9821,2.72,62,5.76,79,2026-06-05 20:05:56,2026-06-05 05:09:53,2026-06-05 17:48:19,NG,Maitama,2026-06-05 20:05:57.306906,20,2026-06-05,20:05:56,Friday
gwagwalada,9.0764,6.9854,rain,moderate rain,stations,26.41,26.41,26.41,26.41,1012,81,1012,989,10000,1.91,80,2.51,98,2026-06-05 20:05:57,2026-06-05 05:11:49,2026-06-05 17:49:32,NG,Kwali,2026-06-05 20:05:57.515731,20,2026-06-05,20:05:57,Friday
makurdi,7.7306,8.5361,clouds,overcast clouds,stations,25.9,26.71,25.9,25.9,1012,83,1012,1001,10000,2.17,152,5.94,98,2026-06-05 20:05:57,2026-06-05 05:07:55,2026-06-05 17:41:02,NG,Walmayo,2026-06-05 20:05:58.070442,20,2026-06-05,20:05:57,Friday
panda,9.2624,7.8385,clouds,overcast clouds,stations,24.12,24.89,24.12,24.12,1014,88,1014,970,10000,0.6,339,0.69,93,2026-06-05 23:14:36,2026-06-06 05:08:11,2026-06-06 17:46:42,NG,Maitama,2026-06-05 23:14:37.159742,23,2026-06-05,23:14:36,Friday
gurara,9.322,7.0232,rain,moderate rain,stations,22.07,22.76,22.07,22.07,1013,93,1013,972,10000,1.38,303,2.57,100,2026-06-05 23:14:37,2026-06-06 05:11:20,2026-06-06 17:50:04,NG,Suleja,2026-06-05 23:14:37.753728,23,2026-06-05,23:14:37,Friday
bwari,9.2856,7.3787,clouds,overcast clouds,stations,22.96,23.64,22.96,22.96,1014,89,1014,951,10000,0.13,143,0.87,92,2026-06-05 23:14:37,2026-06-06 05:09:59,2026-06-06 17:48:35,NG,Maitama,2026-06-05 23:14:38.354678,23,2026-06-05,23:14:37,Friday
gwagwalada,9.0764,6.9854,rain,moderate rain,stations,23.62,24.41,23.62,23.62,1013,91,1013,990,10000,2.38,311,4.67,99,2026-06-05 23:14:38,2026-06-06 05:11:55,2026-06-06 17:49:47,NG,Kwali,2026-06-05 23:14:38.954634,23,2026-06-05,23:14:38,Friday
makurdi,7.7306,8.5361,clouds,overcast clouds,stations,24.74,25.65,24.74,24.74,1013,91,1013,1002,10000,1.77,180,3.68,95,2026-06-05 23:14:39,2026-06-06 05:08:01,2026-06-06 17:41:16,NG,Walmayo,2026-06-05 23:14:39.548354,23,2026-06-05,23:14:39,Friday
panda,9.2624,7.8385,clouds,overcast clouds,stations,22.78,23.59,22.78,22.78,1013,95,1013,969,10000,0.82,157,0.9,95,2026-06-06 03:56:31,2026-06-06 05:08:11,2026-06-06 17:46:42,NG,Maitama,2026-06-06 03:56:31.897319,3,2026-06-06,03:56:31,Saturday
gurara,9.322,7.0232,clouds,overcast clouds,stations,23.14,23.96,23.14,23.14,1012,94,1012,971,10000,1.45,189,3.42,100,2026-06-06 03:56:31,2026-06-06 05:11:20,2026-06-06 17:50:04,NG,Suleja,2026-06-06 03:56:32.499472,3,2026-06-06,03:56:31,Saturday
bwari,9.2856,7.3787,clouds,overcast clouds,stations,21.98,22.71,21.98,21.98,1013,95,1013,950,10000,1.16,206,1.78,100,2026-06-06 03:56:32,2026-06-06 05:09:59,2026-06-06 17:48:35,NG,Maitama,2026-06-06 03:56:32.914759,3,2026-06-06,03:56:32,Saturday
gwagwalada,9.0764,6.9854,clouds,overcast clouds,stations,23.99,24.9,23.99,23.99,1012,94,1012,989,10000,1.3,187,2.53,100,2026-06-06 03:56:32,2026-06-06 05:11:55,2026-06-06 17:49:47,NG,Kwali,2026-06-06 03:56:33.505801,3,2026-06-06,03:56:32,Saturday
makurdi,7.7306,8.5361,clouds,overcast clouds,stations,23.62,24.49,23.62,23.62,1012,94,1012,1001,10000,1.56,209,4.83,95,2026-06-06 03:56:33,2026-06-06 05:08:01,2026-06-06 17:41:16,NG,Walmayo,2026-06-06 03:56:34.097150,3,2026-06-06,03:56:33,Saturday
panda,9.2624,7.8385,clouds,overcast clouds,stations,23.96,24.68,23.96,23.96,1014,87,1014,971,10000,1.06,146,1.56,100,2026-06-06 07:21:32,2026-06-06 05:08:11,2026-06-06 17:46:42,NG,Maitama,2026-06-06 07:21:32.670715,7,2026-06-06,07:21:32,Saturday
gurara,9.322,7.0232,clouds,overcast clouds,stations,24.3,25.06,24.3,24.3,1014,87,1014,973,10000,2.17,184,3.98,94,2026-06-06 07:21:32,2026-06-06 05:11:20,2026-06-06 17:50:04,NG,Suleja,2026-06-06 07:21:33.322765,7,2026-06-06,07:21:32,Saturday
bwari,9.2856,7.3787,clouds,overcast clouds,stations,23.35,24.01,23.35,23.35,1014,87,1014,951,10000,1.47,167,2.57,97,2026-06-06 07:21:33,2026-06-06 05:09:59,2026-06-06 17:48:35,NG,Maitama,2026-06-06 07:21:33.948567,7,2026-06-06,07:21:33,Saturday
gwagwalada,9.0764,6.9854,clouds,overcast clouds,stations,25.49,26.26,25.49,25.49,1014,83,1014,990,10000,1.81,189,3.38,99,2026-06-06 07:21:34,2026-06-06 05:11:55,2026-06-06 17:49:47,NG,Kwali,2026-06-06 07:21:34.607033,7,2026-06-06,07:21:34,Saturday
makurdi,7.7306,8.5361,clouds,overcast clouds,stations,25.3,26.0,25.3,25.3,1014,81,1014,1003,10000,1.53,210,2.43,100,2026-06-06 07:21:34,2026-06-06 05:08:01,2026-06-06 17:41:16,NG,Walmayo,2026-06-06 07:21:35.130055,7,2026-06-06,07:21:34,Saturday
panda,9.2624,7.8385,clouds,overcast clouds,stations,29.61,32.67,29.61,29.61,1014,63,1014,971,10000,1.05,203,0.79,100,2026-06-06 10:09:48,2026-06-06 05:08:11,2026-06-06 17:46:42,NG,Maitama,2026-06-06 10:09:49.041326,10,2026-06-06,10:09:48,Saturday
gurara,9.322,7.0232,clouds,overcast clouds,stations,28.86,31.57,28.86,28.86,1014,65,1014,973,10000,2.23,190,2.22,96,2026-06-06 10:09:49,2026-06-06 05:11:20,2026-06-06 17:50:04,NG,Suleja,2026-06-06 10:09:49.594538,10,2026-06-06,10:09:49,Saturday
bwari,9.2856,7.3787,clouds,overcast clouds,stations,27.67,29.7,27.67,27.67,1014,67,1014,952,10000,1.51,199,1.33,99,2026-06-06 10:09:49,2026-06-06 05:09:59,2026-06-06 17:48:35,NG,Maitama,2026-06-06 10:09:50.152526,10,2026-06-06,10:09:49,Saturday
gwagwalada,9.0764,6.9854,clouds,overcast clouds,stations,30.25,33.53,30.25,30.25,1013,61,1013,990,10000,1.87,202,1.96,98,2026-06-06 10:09:50,2026-06-06 05:11:55,2026-06-06 17:49:47,NG,Kwali,2026-06-06 10:09:50.706054,10,2026-06-06,10:09:50,Saturday
makurdi,7.7306,8.5361,clouds,broken clouds,stations,30.74,33.62,30.74,30.74,1013,57,1013,1002,10000,2.36,180,2.46,73,2026-06-06 10:09:50,2026-06-06 05:08:01,2026-06-06 17:41:16,NG,Walmayo,2026-06-06 10:09:51.256792,10,2026-06-06,10:09:50,Saturday
panda,9.2624,7.8385,rain,light rain,stations,30.59,33.33,30.59,30.59,1011,57,1011,968,10000,1.3,62,2.75,96,2026-06-06 13:54:03,2026-06-06 05:08:11,2026-06-06 17:46:42,NG,Maitama,2026-06-06 13:54:03.950833,13,2026-06-06,13:54:03,Saturday
gurara,9.322,7.0232,rain,light rain,stations,30.15,33.12,30.15,30.15,1011,60,1011,971,10000,2.69,107,2.67,100,2026-06-06 13:54:04,2026-06-06 05:11:20,2026-06-06 17:50:04,NG,Suleja,2026-06-06 13:54:04.550452,13,2026-06-06,13:54:04,Saturday
bwari,9.2856,7.3787,rain,moderate rain,stations,28.15,30.68,28.15,28.15,1011,68,1011,950,10000,0.47,103,1.6,100,2026-06-06 13:54:04,2026-06-06 05:09:59,2026-06-06 17:48:35,NG,Maitama,2026-06-06 13:54:05.145660,13,2026-06-06,13:54:04,Saturday
gwagwalada,9.0764,6.9854,rain,light rain,stations,31.75,34.87,31.75,31.75,1010,54,1010,988,10000,2.5,101,2.44,100,2026-06-06 13:54:05,2026-06-06 05:11:55,2026-06-06 17:49:47,NG,Kwali,2026-06-06 13:54:05.737269,13,2026-06-06,13:54:05,Saturday
makurdi,7.7306,8.5361,rain,light rain,stations,33.09,35.36,33.09,33.09,1010,46,1010,999,10000,2.03,157,1.96,98,2026-06-06 13:54:05,2026-06-06 05:08:01,2026-06-06 17:41:16,NG,Walmayo,2026-06-06 13:54:06.335869,13,2026-06-06,13:54:05,Saturday
panda,9.2624,7.8385,rain,light rain,stations,29.64,33.12,29.64,29.64,1011,65,1011,968,10000,1.71,118,3.03,99,2026-06-06 15:19:52,2026-06-06 05:08:11,2026-06-06 17:46:42,NG,Maitama,2026-06-06 15:19:53.428029,15,2026-06-06,15:19:52,Saturday
gurara,9.322,7.0232,clouds,overcast clouds,stations,30.15,32.92,30.15,30.15,1010,59,1010,970,10000,3.17,129,3.13,100,2026-06-06 15:19:53,2026-06-06 05:11:20,2026-06-06 17:50:04,NG,Suleja,2026-06-06 15:19:53.933657,15,2026-06-06,15:19:53,Saturday
bwari,9.2856,7.3787,rain,light rain,stations,27.41,29.78,27.41,27.41,1011,72,1011,949,10000,2.04,148,2.53,100,2026-06-06 15:19:53,2026-06-06 05:09:59,2026-06-06 17:48:35,NG,Maitama,2026-06-06 15:19:54.491246,15,2026-06-06,15:19:53,Saturday
gwagwalada,9.0764,6.9854,rain,light rain,stations,29.87,33.6,29.87,29.87,1010,65,1010,987,10000,1.14,165,2.53,100,2026-06-06 15:19:54,2026-06-06 05:11:55,2026-06-06 17:49:47,NG,Kwali,2026-06-06 15:19:55.051266,15,2026-06-06,15:19:54,Saturday
makurdi,7.7306,8.5361,clouds,overcast clouds,stations,30.23,33.07,30.23,30.23,1010,59,1010,999,10000,2.33,175,4.43,99,2026-06-06 15:19:55,2026-06-06 05:08:01,2026-06-06 17:41:16,NG,Walmayo,2026-06-06 15:19:55.603452,15,2026-06-06,15:19:55,Saturday
panda,9.2624,7.8385,rain,light rain,stations,27.73,30.52,27.73,27.73,1011,73,1011,968,10000,1.29,160,2.33,96,2026-06-06 17:19:47,2026-06-06 05:08:11,2026-06-06 17:46:42,NG,Maitama,2026-06-06 17:19:48.474624,17,2026-06-06,17:19:47,Saturday
gurara,9.322,7.0232,rain,light rain,stations,27.44,30.16,27.44,27.44,1011,75,1011,971,8295,0.93,80,1.3,100,2026-06-06 17:19:48,2026-06-06 05:11:20,2026-06-06 17:50:04,NG,Suleja,2026-06-06 17:19:49.040390,17,2026-06-06,17:19:48,Saturday
bwari,9.2856,7.3787,rain,light rain,stations,25.95,25.95,25.95,25.95,1011,79,1011,949,10000,1.29,150,1.99,100,2026-06-06 17:19:49,2026-06-06 05:09:59,2026-06-06 17:48:35,NG,Maitama,2026-06-06 17:19:49.515991,17,2026-06-06,17:19:49,Saturday
gwagwalada,9.0764,6.9854,rain,light rain,stations,29.6,32.84,29.6,29.6,1010,64,1010,987,10000,2.08,113,3.62,100,2026-06-06 17:19:49,2026-06-06 05:11:55,2026-06-06 17:49:47,NG,Kwali,2026-06-06 17:19:50.069718,17,2026-06-06,17:19:49,Saturday
makurdi,7.7306,8.5361,clouds,overcast clouds,stations,29.48,32.23,29.48,29.48,1010,62,1010,999,10000,2.48,205,5.02,100,2026-06-06 17:19:50,2026-06-06 05:08:01,2026-06-06 17:41:16,NG,Walmayo,2026-06-06 17:19:50.622957,17,2026-06-06,17:19:50,Saturday
panda,9.2624,7.8385,clouds,overcast clouds,stations,25.09,25.69,25.09,25.09,1014,78,1014,971,10000,0.82,257,0.83,90,2026-06-06 19:39:06,2026-06-06 05:08:11,2026-06-06 17:46:42,NG,Maitama,2026-06-06 19:39:06.091754,19,2026-06-06,19:39:06,Saturday
gurara,9.322,7.0232,clouds,overcast clouds,stations,24.98,25.6,24.98,24.98,1014,79,1014,973,10000,1.12,48,1.11,89,2026-06-06 19:39:06,2026-06-06 05:11:20,2026-06-06 17:50:04,NG,Suleja,2026-06-06 19:39:06.202420,19,2026-06-06,19:39:06,Saturday
bwari,9.2856,7.3787,clouds,overcast clouds,stations,23.7,24.24,23.7,23.7,1014,81,1014,952,10000,0.32,74,0.57,92,2026-06-06 19:39:06,2026-06-06 05:09:59,2026-06-06 17:48:35,NG,Maitama,2026-06-06 19:39:06.306697,19,2026-06-06,19:39:06,Saturday
gwagwalada,9.0764,6.9854,rain,light rain,stations,26.57,26.57,26.57,26.57,1013,73,1013,990,10000,0.79,93,1.04,88,2026-06-06 19:39:06,2026-06-06 05:11:55,2026-06-06 17:49:47,NG,Kwali,2026-06-06 19:39:06.416422,19,2026-06-06,19:39:06,Saturday
makurdi,7.7306,8.5361,rain,light rain,stations,25.64,26.37,25.64,25.64,1014,81,1014,1003,10000,2.86,183,7.78,100,2026-06-06 19:39:06,2026-06-06 05:08:01,2026-06-06 17:41:16,NG,Walmayo,2026-06-06 19:39:06.507482,19,2026-06-06,19:39:06,Saturday
panda,9.2624,7.8385,clouds,overcast clouds,stations,24.77,25.34,24.77,24.77,1015,78,1015,972,10000,0.66,194,0.85,94,2026-06-06 21:09:35,2026-06-06 05:08:11,2026-06-06 17:46:42,NG,Maitama,2026-06-06 21:09:35.233371,21,2026-06-06,21:09:35,Saturday
gurara,9.322,7.0232,clouds,overcast clouds,stations,24.71,25.33,24.71,24.71,1014,80,1014,974,10000,0.96,99,1.04,93,2026-06-06 21:09:35,2026-06-06 05:11:20,2026-06-06 17:50:04,NG,Suleja,2026-06-06 21:09:35.321354,21,2026-06-06,21:09:35,Saturday
bwari,9.2856,7.3787,clouds,overcast clouds,stations,23.5,24.02,23.5,23.5,1015,81,1015,952,10000,0.72,144,0.88,94,2026-06-06 21:09:35,2026-06-06 05:09:59,2026-06-06 17:48:35,NG,Maitama,2026-06-06 21:09:35.408640,21,2026-06-06,21:09:35,Saturday
gwagwalada,9.0764,6.9854,rain,light rain,stations,25.6,26.25,25.6,25.6,1014,78,1014,991,10000,0.86,151,1.06,92,2026-06-06 21:09:35,2026-06-06 05:11:55,2026-06-06 17:49:47,NG,Kwali,2026-06-06 21:09:35.500070,21,2026-06-06,21:09:35,Saturday
makurdi,7.7306,8.5361,clouds,overcast clouds,stations,25.74,26.48,25.74,25.74,1014,81,1014,1003,10000,3.24,192,8.62,98,2026-06-06 21:09:35,2026-06-06 05:08:01,2026-06-06 17:41:16,NG,Walmayo,2026-06-06 21:09:35.585849,21,2026-06-06,21:09:35,Saturday
panda,9.2624,7.8385,rain,light rain,stations,23.46,24.21,23.46,23.46,1016,90,1016,972,10000,1.57,165,1.61,92,2026-06-06 23:08:24,2026-06-07 05:08:16,2026-06-07 17:46:57,NG,Maitama,2026-06-06 23:08:24.402976,23,2026-06-06,23:08:24,Saturday
gurara,9.322,7.0232,clouds,overcast clouds,stations,23.67,24.42,23.67,23.67,1015,89,1015,974,10000,2.18,162,4.91,100,2026-06-06 23:08:24,2026-06-07 05:11:26,2026-06-07 17:50:19,NG,Suleja,2026-06-06 23:08:24.993398,23,2026-06-06,23:08:24,Saturday
bwari,9.2856,7.3787,clouds,overcast clouds,stations,22.43,23.05,22.43,22.43,1015,89,1015,952,10000,1.99,164,3.01,100,2026-06-06 23:08:25,2026-06-07 05:10:04,2026-06-07 17:48:50,NG,Maitama,2026-06-06 23:08:25.590530,23,2026-06-06,23:08:25,Saturday
gwagwalada,9.0764,6.9854,rain,light rain,stations,24.69,25.41,24.69,24.69,1015,84,1015,992,10000,2.48,171,6.51,99,2026-06-06 23:08:25,2026-06-07 05:12:01,2026-06-07 17:50:03,NG,Kwali,2026-06-06 23:08:26.186174,23,2026-06-06,23:08:25,Saturday
makurdi,7.7306,8.5361,clouds,overcast clouds,stations,25.05,25.86,25.05,25.05,1015,86,1015,1003,10000,3.88,196,9.31,94,2026-06-06 23:08:26,2026-06-07 05:08:08,2026-06-07 17:41:31,NG,Walmayo,2026-06-06 23:08:26.776589,23,2026-06-06,23:08:26,Saturday
panda,9.2624,7.8385,clouds,broken clouds,stations,22.53,23.16,22.53,22.53,1015,89,1015,971,10000,0.28,343,0.33,68,2026-06-07 04:22:44,2026-06-07 05:08:16,2026-06-07 17:46:57,NG,Maitama,2026-06-07 04:22:44.585117,4,2026-06-07,04:22:44,Sunday
gurara,9.322,7.0232,clouds,overcast clouds,stations,22.22,22.93,22.22,22.22,1015,93,1015,974,10000,0.97,165,1.38,99,2026-06-07 04:22:44,2026-06-07 05:11:26,2026-06-07 17:50:19,NG,Suleja,2026-06-07 04:22:45.068539,4,2026-06-07,04:22:44,Sunday
bwari,9.2856,7.3787,clouds,overcast clouds,stations,21.2,21.78,21.2,21.2,1015,92,1015,952,10000,0.79,203,0.94,93,2026-06-07 04:22:45,2026-06-07 05:10:04,2026-06-07 17:48:50,NG,Maitama,2026-06-07 04:22:45.623803,4,2026-06-07,04:22:45,Sunday
gwagwalada,9.0764,6.9854,clouds,overcast clouds,stations,23.23,23.98,23.23,23.23,1015,91,1015,991,10000,0.68,170,0.77,90,2026-06-07 04:22:45,2026-06-07 05:12:01,2026-06-07 17:50:03,NG,Kwali,2026-06-07 04:22:46.180871,4,2026-06-07,04:22:45,Sunday
makurdi,7.7306,8.5361,clouds,overcast clouds,stations,23.5,24.39,23.5,23.5,1014,95,1014,1003,10000,1.89,219,5.86,94,2026-06-07 04:22:46,2026-06-07 05:08:08,2026-06-07 17:41:31,NG,Walmayo,2026-06-07 04:22:46.740970,4,2026-06-07,04:22:46,Sunday
panda,9.2624,7.8385,clouds,broken clouds,stations,29.34,31.97,29.34,29.34,1016,62,1016,973,10000,1.11,202,0.94,81,2026-06-07 09:22:24,2026-06-07 05:08:16,2026-06-07 17:46:57,NG,Maitama,2026-06-07 09:22:24.402846,9,2026-06-07,09:22:24,Sunday
gurara,9.322,7.0232,clouds,broken clouds,stations,27.96,30.21,27.96,27.96,1016,67,1016,976,10000,1.91,230,1.98,65,2026-06-07 09:22:24,2026-06-07 05:11:26,2026-06-07 17:50:19,NG,Suleja,2026-06-07 09:22:24.994951,9,2026-06-07,09:22:24,Sunday
bwari,9.2856,7.3787,clouds,scattered clouds,stations,27.13,28.73,27.13,27.13,1017,66,1017,955,10000,1.84,226,1.63,45,2026-06-07 09:22:25,2026-06-07 05:10:04,2026-06-07 17:48:50,NG,Maitama,2026-06-07 09:22:25.592273,9,2026-06-07,09:22:25,Sunday
gwagwalada,9.0764,6.9854,clouds,overcast clouds,stations,29.06,31.79,29.06,29.06,1016,64,1016,993,10000,1.67,244,1.76,88,2026-06-07 09:22:25,2026-06-07 05:12:01,2026-06-07 17:50:03,NG,Kwali,2026-06-07 09:22:26.181449,9,2026-06-07,09:22:25,Sunday
makurdi,7.7306,8.5361,clouds,overcast clouds,stations,29.49,32.62,29.49,29.49,1016,64,1016,1005,10000,1.95,258,2.43,93,2026-06-07 09:22:26,2026-06-07 05:08:08,2026-06-07 17:41:31,NG,Walmayo,2026-06-07 09:22:26.772277,9,2026-06-07,09:22:26,Sunday
panda,9.2624,7.8385,clouds,broken clouds,stations,32.4,35.11,32.4,32.4,1014,50,1014,972,10000,1.1,167,1.78,84,2026-06-07 11:52:51,2026-06-07 05:08:16,2026-06-07 17:46:57,NG,Maitama,2026-06-07 11:52:51.764849,11,2026-06-07,11:52:51,Sunday
gurara,9.322,7.0232,clouds,broken clouds,stations,31.34,33.85,31.34,31.34,1015,53,1015,975,10000,1.28,220,1.4,81,2026-06-07 11:52:51,2026-06-07 05:11:26,2026-06-07 17:50:19,NG,Suleja,2026-06-07 11:52:52.319789,11,2026-06-07,11:52:51,Sunday
bwari,9.2856,7.3787,clouds,broken clouds,stations,30.24,32.49,30.24,30.24,1015,56,1015,954,10000,1.23,225,2.13,72,2026-06-07 11:52:52,2026-06-07 05:10:04,2026-06-07 17:48:50,NG,Maitama,2026-06-07 11:52:52.869361,11,2026-06-07,11:52:52,Sunday
gwagwalada,9.0764,6.9854,clouds,overcast clouds,stations,32.82,35.93,32.82,32.82,1014,50,1014,991,10000,1.16,278,1.09,91,2026-06-07 11:52:52,2026-06-07 05:12:01,2026-06-07 17:50:03,NG,Kwali,2026-06-07 11:52:53.388393,11,2026-06-07,11:52:52,Sunday
makurdi,7.7306,8.5361,clouds,overcast clouds,stations,32.63,36.11,32.63,32.63,1014,52,1014,1003,10000,2.32,273,2.25,95,2026-06-07 11:52:53,2026-06-07 05:08:08,2026-06-07 17:41:31,NG,Walmayo,2026-06-07 11:52:53.944212,11,2026-06-07,11:52:53,Sunday
panda,9.2624,7.8385,clouds,overcast clouds,stations,33.57,35.72,33.57,33.57,1012,44,1012,970,10000,1.76,189,2.83,85,2026-06-07 14:04:18,2026-06-07 05:08:16,2026-06-07 17:46:57,NG,Maitama,2026-06-07 14:04:19.247177,14,2026-06-07,14:04:18,Sunday
gurara,9.322,7.0232,clouds,overcast clouds,stations,31.8,34.0,31.8,31.8,1013,50,1013,973,10000,1.78,194,1.96,90,2026-06-07 14:04:19,2026-06-07 05:11:26,2026-06-07 17:50:19,NG,Suleja,2026-06-07 14:04:19.840558,14,2026-06-07,14:04:19,Sunday
bwari,9.2856,7.3787,clouds,overcast clouds,stations,29.7,31.73,29.7,29.7,1013,57,1013,952,10000,2.08,229,1.76,95,2026-06-07 14:04:19,2026-06-07 05:10:04,2026-06-07 17:48:50,NG,Maitama,2026-06-07 14:04:20.432537,14,2026-06-07,14:04:19,Sunday
gwagwalada,9.0764,6.9854,clouds,overcast clouds,stations,33.91,36.63,33.91,33.91,1012,45,1012,990,10000,0.78,251,2.01,90,2026-06-07 14:04:20,2026-06-07 05:12:01,2026-06-07 17:50:03,NG,Kwali,2026-06-07 14:04:21.022588,14,2026-06-07,14:04:20,Sunday
makurdi,7.7306,8.5361,clouds,overcast clouds,stations,33.18,36.36,33.18,33.18,1012,49,1012,1001,10000,1.89,256,1.3,100,2026-06-07 14:04:21,2026-06-07 05:08:08,2026-06-07 17:41:31,NG,Walmayo,2026-06-07 14:04:21.613856,14,2026-06-07,14:04:21,Sunday
panda,9.2624,7.8385,rain,light rain,stations,27.06,29.4,27.06,27.06,1013,75,1013,969,10000,2.84,318,5.47,91,2026-06-07 17:23:46,2026-06-07 05:08:16,2026-06-07 17:46:57,NG,Maitama,2026-06-07 17:23:47.422710,17,2026-06-07,17:23:46,Sunday
gurara,9.322,7.0232,rain,moderate rain,stations,27.65,30.12,27.65,27.65,1013,71,1013,972,10000,3.33,23,5.95,96,2026-06-07 17:23:47,2026-06-07 05:11:26,2026-06-07 17:50:19,NG,Suleja,2026-06-07 17:23:47.986087,17,2026-06-07,17:23:47,Sunday
bwari,9.2856,7.3787,rain,heavy intensity rain,stations,22.93,23.71,22.93,22.93,1014,93,1014,951,10000,2.61,332,6.65,97,2026-06-07 17:23:48,2026-06-07 05:10:04,2026-06-07 17:48:50,NG,Maitama,2026-06-07 17:23:48.551393,17,2026-06-07,17:23:48,Sunday
gwagwalada,9.0764,6.9854,rain,light rain,stations,31.43,34.25,31.43,31.43,1011,54,1011,989,10000,1.51,308,3.88,96,2026-06-07 17:23:48,2026-06-07 05:12:01,2026-06-07 17:50:03,NG,Kwali,2026-06-07 17:23:48.877691,17,2026-06-07,17:23:48,Sunday
makurdi,7.7306,8.5361,clouds,overcast clouds,stations,29.44,33.3,29.44,29.44,1011,68,1011,1000,10000,3.34,183,5.64,100,2026-06-07 17:23:48,2026-06-07 05:08:08,2026-06-07 17:41:31,NG,Walmayo,2026-06-07 17:23:49.443840,17,2026-06-07,17:23:48,Sunday
panda,9.2624,7.8385,clouds,overcast clouds,stations,24.72,25.44,24.72,24.72,1014,84,1014,971,10000,0.66,189,0.98,100,2026-06-07 19:39:52,2026-06-07 05:08:16,2026-06-07 17:46:57,NG,Maitama,2026-06-07 19:39:52.704829,19,2026-06-07,19:39:52,Sunday
gurara,9.322,7.0232,rain,light rain,stations,23.63,24.29,23.63,23.63,1014,86,1014,973,10000,2.25,54,3.66,100,2026-06-07 19:39:52,2026-06-07 05:11:26,2026-06-07 17:50:19,NG,Suleja,2026-06-07 19:39:52.782311,19,2026-06-07,19:39:52,Sunday
bwari,9.2856,7.3787,rain,light rain,stations,23.05,23.66,23.05,23.05,1014,86,1014,951,10000,0.43,176,1.28,100,2026-06-07 19:39:52,2026-06-07 05:10:04,2026-06-07 17:48:50,NG,Maitama,2026-06-07 19:39:53.349501,19,2026-06-07,19:39:52,Sunday
gwagwalada,9.0764,6.9854,clouds,overcast clouds,stations,25.42,26.18,25.42,25.42,1013,83,1013,990,10000,1.77,74,2.26,100,2026-06-07 19:39:53,2026-06-07 05:12:01,2026-06-07 17:50:03,NG,Kwali,2026-06-07 19:39:53.921893,19,2026-06-07,19:39:53,Sunday
makurdi,7.7306,8.5361,clouds,overcast clouds,stations,26.32,26.32,26.32,26.32,1013,83,1013,1002,10000,2.42,181,6.09,99,2026-06-07 19:39:53,2026-06-07 05:08:08,2026-06-07 17:41:31,NG,Walmayo,2026-06-07 19:39:54.490783,19,2026-06-07,19:39:53,Sunday
panda,9.2624,7.8385,clouds,overcast clouds,stations,24.45,25.14,24.45,24.45,1015,84,1015,971,10000,1.11,154,1.15,100,2026-06-07 21:18:28,2026-06-07 05:08:16,2026-06-07 17:46:57,NG,Maitama,2026-06-07 21:18:28.820097,21,2026-06-07,21:18:28,Sunday
gurara,9.322,7.0232,rain,light rain,stations,24.33,24.96,24.33,24.33,1014,82,1014,973,10000,0.5,302,1.32,100,2026-06-07 21:18:28,2026-06-07 05:11:26,2026-06-07 17:50:19,NG,Suleja,2026-06-07 21:18:28.985835,21,2026-06-07,21:18:28,Sunday
bwari,9.2856,7.3787,clouds,overcast clouds,stations,23.28,23.88,23.28,23.28,1015,85,1015,952,10000,0.68,100,1.13,100,2026-06-07 21:18:29,2026-06-07 05:10:04,2026-06-07 17:48:50,NG,Maitama,2026-06-07 21:18:29.172445,21,2026-06-07,21:18:29,Sunday
gwagwalada,9.0764,6.9854,clouds,overcast clouds,stations,25.66,26.4,25.66,25.66,1014,81,1014,990,10000,0.46,297,1.1,100,2026-06-07 21:18:29,2026-06-07 05:12:01,2026-06-07 17:50:03,NG,Kwali,2026-06-07 21:18:29.344804,21,2026-06-07,21:18:29,Sunday
makurdi,7.7306,8.5361,clouds,overcast clouds,stations,26.1,26.1,26.1,26.1,1014,83,1014,1003,10000,2.59,194,7.03,99,2026-06-07 21:18:29,2026-06-07 05:08:08,2026-06-07 17:41:31,NG,Walmayo,2026-06-07 21:18:29.505272,21,2026-06-07,21:18:29,Sunday
panda,9.2624,7.8385,clouds,overcast clouds,stations,23.78,24.51,23.78,23.78,1015,88,1015,971,10000,1.06,154,1.19,100,2026-06-07 23:11:17,2026-06-08 05:08:23,2026-06-08 17:47:12,NG,Maitama,2026-06-07 23:11:18.296410,23,2026-06-07,23:11:17,Sunday
gurara,9.322,7.0232,rain,light rain,stations,23.59,24.25,23.59,23.59,1014,86,1014,973,10000,1.28,91,1.28,100,2026-06-07 23:11:18,2026-06-08 05:11:32,2026-06-08 17:50:34,NG,Suleja,2026-06-07 23:11:18.940968,23,2026-06-07,23:11:18,Sunday
bwari,9.2856,7.3787,rain,light rain,stations,22.55,23.16,22.55,22.55,1015,88,1015,952,10000,0.93,184,1.1,100,2026-06-07 23:11:19,2026-06-08 05:10:11,2026-06-08 17:49:05,NG,Maitama,2026-06-07 23:11:19.571862,23,2026-06-07,23:11:19,Sunday
gwagwalada,9.0764,6.9854,rain,light rain,stations,25.29,26.04,25.29,25.29,1014,83,1014,991,10000,0.58,129,0.9,100,2026-06-07 23:11:19,2026-06-08 05:12:07,2026-06-08 17:50:18,NG,Kwali,2026-06-07 23:11:20.187828,23,2026-06-07,23:11:19,Sunday
makurdi,7.7306,8.5361,clouds,overcast clouds,stations,25.45,26.19,25.45,25.45,1014,82,1014,1002,10000,2.26,200,7.18,100,2026-06-07 23:11:20,2026-06-08 05:08:15,2026-06-08 17:41:45,NG,Walmayo,2026-06-07 23:11:20.848586,23,2026-06-07,23:11:20,Sunday
panda,9.2624,7.8385,clouds,overcast clouds,stations,23.02,23.73,23.02,23.02,1014,90,1014,971,10000,0.86,292,0.83,100,2026-06-08 04:26:52,2026-06-08 05:08:23,2026-06-08 17:47:12,NG,Maitama,2026-06-08 04:26:52.430847,4,2026-06-08,04:26:52,Monday
gurara,9.322,7.0232,rain,light rain,stations,22.57,23.21,22.57,22.57,1014,89,1014,973,10000,0.12,273,0.55,100,2026-06-08 04:26:52,2026-06-08 05:11:32,2026-06-08 17:50:34,NG,Suleja,2026-06-08 04:26:52.559760,4,2026-06-08,04:26:52,Monday
bwari,9.2856,7.3787,rain,light rain,stations,21.42,21.99,21.42,21.42,1015,91,1015,952,10000,0.4,246,0.79,100,2026-06-08 04:26:32,2026-06-08 05:10:11,2026-06-08 17:49:05,NG,Maitama,2026-06-08 04:26:52.680995,4,2026-06-08,04:26:32,Monday
gwagwalada,9.0764,6.9854,rain,light rain,stations,23.7,24.4,23.7,23.7,1014,87,1014,991,10000,0.36,287,0.49,100,2026-06-08 04:26:52,2026-06-08 05:12:07,2026-06-08 17:50:18,NG,Kwali,2026-06-08 04:26:52.811972,4,2026-06-08,04:26:52,Monday
makurdi,7.7306,8.5361,clouds,overcast clouds,stations,23.85,24.67,23.85,23.85,1014,91,1014,1003,10000,1.89,211,6.12,100,2026-06-08 04:26:52,2026-06-08 05:08:15,2026-06-08 17:41:45,NG,Walmayo,2026-06-08 04:26:52.939930,4,2026-06-08,04:26:52,Monday
panda,9.2624,7.8385,clouds,overcast clouds,stations,32.18,35.47,32.18,32.18,1014,53,1014,972,10000,0.94,329,1.64,100,2026-06-08 11:06:44,2026-06-08 05:08:23,2026-06-08 17:47:12,NG,Maitama,2026-06-08 11:06:44.726862,11,2026-06-08,11:06:44,Monday
gurara,9.322,7.0232,clouds,overcast clouds,stations,30.19,33.2,30.19,30.19,1014,60,1014,974,10000,1.75,278,2.3,100,2026-06-08 11:06:44,2026-06-08 05:11:32,2026-06-08 17:50:34,NG,Suleja,2026-06-08 11:06:44.821684,11,2026-06-08,11:06:44,Monday
bwari,9.2856,7.3787,clouds,overcast clouds,stations,28.83,31.2,28.83,28.83,1015,63,1015,953,10000,2.04,288,2.5,100,2026-06-08 11:06:44,2026-06-08 05:10:11,2026-06-08 17:49:05,NG,Maitama,2026-06-08 11:06:44.917075,11,2026-06-08,11:06:44,Monday
gwagwalada,9.0764,6.9854,clouds,overcast clouds,stations,31.34,34.8,31.34,31.34,1014,57,1014,991,10000,2.01,283,2.31,100,2026-06-08 11:06:44,2026-06-08 05:12:07,2026-06-08 17:50:18,NG,Kwali,2026-06-08 11:06:45.007873,11,2026-06-08,11:06:44,Monday
makurdi,7.7306,8.5361,clouds,overcast clouds,stations,31.25,34.87,31.25,31.25,1014,58,1014,1003,10000,1.86,238,2.21,99,2026-06-08 11:06:45,2026-06-08 05:08:15,2026-06-08 17:41:45,NG,Walmayo,2026-06-08 11:06:45.137153,11,2026-06-08,11:06:45,Monday
panda,9.2624,7.8385,rain,moderate rain,stations,27.61,30.28,27.61,27.61,1011,73,1011,968,10000,0.71,177,1.99,100,2026-06-08 16:02:19,2026-06-08 05:08:23,2026-06-08 17:47:12,NG,Maitama,2026-06-08 16:02:19.920386,16,2026-06-08,16:02:19,Monday
gurara,9.322,7.0232,clouds,overcast clouds,stations,29.88,32.8,29.88,29.88,1010,61,1010,970,10000,0.66,359,1.71,100,2026-06-08 16:02:20,2026-06-08 05:11:32,2026-06-08 17:50:34,NG,Suleja,2026-06-08 16:02:20.053058,16,2026-06-08,16:02:20,Monday
bwari,9.2856,7.3787,clouds,overcast clouds,stations,28.53,30.82,28.53,28.53,1011,64,1011,950,10000,1.14,309,1.8,100,2026-06-08 16:02:20,2026-06-08 05:10:11,2026-06-08 17:49:05,NG,Maitama,2026-06-08 16:02:20.188259,16,2026-06-08,16:02:20,Monday
gwagwalada,9.0764,6.9854,clouds,overcast clouds,stations,32.67,35.91,32.67,32.67,1010,51,1010,987,10000,1.21,316,2.61,99,2026-06-08 16:02:20,2026-06-08 05:12:07,2026-06-08 17:50:18,NG,Kwali,2026-06-08 16:02:20.322597,16,2026-06-08,16:02:20,Monday
makurdi,7.7306,8.5361,clouds,overcast clouds,stations,32.79,37.03,32.79,32.79,1010,54,1010,999,10000,2.19,222,1.68,99,2026-06-08 16:02:20,2026-06-08 05:08:15,2026-06-08 17:41:45,NG,Walmayo,2026-06-08 16:02:20.457663,16,2026-06-08,16:02:20,Monday
panda,9.2624,7.8385,rain,light rain,stations,23.83,24.72,23.83,23.83,1014,94,1014,970,10000,1.99,347,4.41,100,2026-06-08 20:24:49,2026-06-08 05:08:23,2026-06-08 17:47:12,NG,Maitama,2026-06-08 20:24:49.296401,20,2026-06-08,20:24:49,Monday
gurara,9.322,7.0232,rain,light rain,stations,25.56,26.21,25.56,25.56,1014,78,1014,973,10000,2.59,105,5.56,100,2026-06-08 20:24:49,2026-06-08 05:11:32,2026-06-08 17:50:34,NG,Suleja,2026-06-08 20:24:49.854024,20,2026-06-08,20:24:49,Monday
bwari,9.2856,7.3787,rain,light rain,stations,22.81,23.55,22.81,22.81,1015,92,1015,952,10000,1.89,68,5.83,100,2026-06-08 20:24:49,2026-06-08 05:10:11,2026-06-08 17:49:05,NG,Maitama,2026-06-08 20:24:50.411897,20,2026-06-08,20:24:49,Monday
gwagwalada,9.0764,6.9854,rain,light rain,stations,26.14,26.14,26.14,26.14,1013,78,1013,990,10000,2.39,94,5.59,100,2026-06-08 20:24:50,2026-06-08 05:12:07,2026-06-08 17:50:18,NG,Kwali,2026-06-08 20:24:50.962484,20,2026-06-08,20:24:50,Monday
makurdi,7.7306,8.5361,clouds,overcast clouds,stations,26.83,29.71,26.83,26.83,1013,84,1013,1002,10000,2.82,213,7.62,99,2026-06-08 20:24:51,2026-06-08 05:08:15,2026-06-08 17:41:45,NG,Walmayo,2026-06-08 20:24:51.521386,20,2026-06-08,20:24:51,Monday
panda,9.2624,7.8385,clouds,overcast clouds,stations,23.78,24.62,23.78,23.78,1014,92,1014,971,10000,0.89,37,1.32,100,2026-06-08 23:15:03,2026-06-09 05:08:30,2026-06-09 17:47:28,NG,Maitama,2026-06-08 23:15:03.572802,23,2026-06-08,23:15:03,Monday
gurara,9.322,7.0232,clouds,overcast clouds,stations,24.08,24.79,24.08,24.08,1013,86,1013,973,10000,1.85,80,2.7,100,2026-06-08 23:15:03,2026-06-09 05:11:39,2026-06-09 17:50:50,NG,Suleja,2026-06-08 23:15:04.181025,23,2026-06-08,23:15:03,Monday
bwari,9.2856,7.3787,clouds,overcast clouds,stations,22.49,23.17,22.49,22.49,1014,91,1014,951,10000,2.01,65,3.06,100,2026-06-08 23:15:05,2026-06-09 05:10:18,2026-06-09 17:49:20,NG,Maitama,2026-06-08 23:15:05.718919,23,2026-06-08,23:15:05,Monday
gwagwalada,9.0764,6.9854,clouds,overcast clouds,stations,25.47,26.19,25.47,25.47,1013,81,1013,990,10000,1.09,124,1.95,100,2026-06-08 23:15:05,2026-06-09 05:12:14,2026-06-09 17:50:33,NG,Kwali,2026-06-08 23:15:06.323209,23,2026-06-08,23:15:05,Monday
makurdi,7.7306,8.5361,rain,moderate rain,stations,24.68,25.63,24.68,24.68,1014,93,1014,1002,7274,2.55,210,8.97,100,2026-06-08 23:15:06,2026-06-09 05:08:23,2026-06-09 17:42:00,NG,Walmayo,2026-06-08 23:15:06.911036,23,2026-06-08,23:15:06,Monday
panda,9.2624,7.8385,rain,light rain,stations,23.39,24.21,23.39,23.39,1013,93,1013,970,10000,0.35,221,0.45,100,2026-06-09 03:58:58,2026-06-09 05:08:30,2026-06-09 17:47:28,NG,Maitama,2026-06-09 03:58:58.881202,3,2026-06-09,03:58:58,Tuesday
gurara,9.322,7.0232,rain,light rain,stations,23.14,23.91,23.14,23.14,1013,92,1013,972,10000,1.43,206,4.4,100,2026-06-09 03:58:58,2026-06-09 05:11:39,2026-06-09 17:50:50,NG,Suleja,2026-06-09 03:58:59.013051,3,2026-06-09,03:58:58,Tuesday
bwari,9.2856,7.3787,rain,light rain,stations,22.18,22.86,22.18,22.18,1013,92,1013,951,10000,0.76,216,1.17,100,2026-06-09 03:58:59,2026-06-09 05:10:18,2026-06-09 17:49:20,NG,Maitama,2026-06-09 03:58:59.147318,3,2026-06-09,03:58:59,Tuesday
gwagwalada,9.0764,6.9854,rain,moderate rain,stations,23.82,24.69,23.82,23.82,1013,93,1013,989,10000,1.53,227,5.43,99,2026-06-09 03:58:59,2026-06-09 05:12:14,2026-06-09 17:50:33,NG,Kwali,2026-06-09 03:58:59.280871,3,2026-06-09,03:58:59,Tuesday
makurdi,7.7306,8.5361,clouds,overcast clouds,stations,23.77,24.68,23.77,23.77,1012,95,1012,1001,10000,3.05,210,9.24,100,2026-06-09 03:58:59,2026-06-09 05:08:23,2026-06-09 17:42:00,NG,Walmayo,2026-06-09 03:58:59.407920,3,2026-06-09,03:58:59,Tuesday
panda,9.2624,7.8385,clouds,overcast clouds,stations,25.27,26.12,25.27,25.27,1015,87,1015,971,10000,2.14,211,3.16,100,2026-06-09 07:58:57,2026-06-09 05:08:30,2026-06-09 17:47:28,NG,Maitama,2026-06-09 07:58:57.953654,7,2026-06-09,07:58:57,Tuesday
gurara,9.322,7.0232,clouds,overcast clouds,stations,25.17,26.01,25.17,25.17,1014,87,1014,974,10000,2.78,207,3.67,100,2026-06-09 07:58:58,2026-06-09 05:11:39,2026-06-09 17:50:50,NG,Suleja,2026-06-09 07:58:58.549427,7,2026-06-09,07:58:58,Tuesday
bwari,9.2856,7.3787,clouds,overcast clouds,stations,24.04,24.82,24.04,24.04,1015,89,1015,952,10000,2.96,212,3.62,100,2026-06-09 07:58:58,2026-06-09 05:10:18,2026-06-09 17:49:20,NG,Maitama,2026-06-09 07:58:59.141581,7,2026-06-09,07:58:58,Tuesday
gwagwalada,9.0764,6.9854,clouds,overcast clouds,stations,26.18,26.18,26.18,26.18,1014,84,1014,991,10000,2.21,214,2.99,100,2026-06-09 07:58:59,2026-06-09 05:12:14,2026-06-09 17:50:33,NG,Kwali,2026-06-09 07:58:59.607929,7,2026-06-09,07:58:59,Tuesday
makurdi,7.7322,8.5391,clouds,overcast clouds,stations,26.41,26.41,26.41,26.41,1015,82,1015,1003,10000,3.68,240,5.64,100,2026-06-09 07:56:07,2026-06-09 05:08:22,2026-06-09 17:41:59,NG,Walmayo,2026-06-09 07:58:59.703112,7,2026-06-09,07:56:07,Tuesday
panda,9.2624,7.8385,clouds,overcast clouds,stations,29.39,32.99,29.39,29.39,1013,67,1013,970,10000,2.71,182,2.91,97,2026-06-09 11:27:28,2026-06-09 05:08:30,2026-06-09 17:47:28,NG,Maitama,2026-06-09 11:27:29.494942,11,2026-06-09,11:27:28,Tuesday
gurara,9.322,7.0232,clouds,overcast clouds,stations,29.56,32.76,29.56,29.56,1012,64,1012,972,10000,3.17,196,3.61,99,2026-06-09 11:27:29,2026-06-09 05:11:39,2026-06-09 17:50:50,NG,Suleja,2026-06-09 11:27:30.060881,11,2026-06-09,11:27:29,Tuesday
bwari,9.2856,7.3787,clouds,overcast clouds,stations,28.76,31.38,28.76,28.76,1013,65,1013,951,10000,3.21,203,3.43,98,2026-06-09 11:27:30,2026-06-09 05:10:18,2026-06-09 17:49:20,NG,Maitama,2026-06-09 11:27:30.625741,11,2026-06-09,11:27:30,Tuesday
gwagwalada,9.0764,6.9854,clouds,overcast clouds,stations,30.73,34.52,30.73,30.73,1012,61,1012,989,10000,3.03,198,3.47,100,2026-06-09 11:27:30,2026-06-09 05:12:14,2026-06-09 17:50:33,NG,Kwali,2026-06-09 11:27:31.192306,11,2026-06-09,11:27:30,Tuesday
makurdi,7.7306,8.5361,clouds,overcast clouds,stations,30.38,34.25,30.38,30.38,1012,63,1012,1001,10000,3.79,225,4.82,98,2026-06-09 11:27:31,2026-06-09 05:08:23,2026-06-09 17:42:00,NG,Walmayo,2026-06-09 11:27:31.760168,11,2026-06-09,11:27:31,Tuesday
panda,9.2624,7.8385,clouds,overcast clouds,stations,30.09,33.64,30.09,30.09,1010,63,1010,967,10000,1.86,211,2.84,100,2026-06-09 15:15:20,2026-06-09 05:08:30,2026-06-09 17:47:28,NG,Maitama,2026-06-09 15:15:21.219117,15,2026-06-09,15:15:20,Tuesday
gurara,9.322,7.0232,clouds,broken clouds,stations,33.1,36.2,33.1,33.1,1009,49,1009,969,10000,2.94,183,2.28,61,2026-06-09 15:15:21,2026-06-09 05:11:39,2026-06-09 17:50:50,NG,Suleja,2026-06-09 15:15:21.787564,15,2026-06-09,15:15:21,Tuesday
bwari,9.2856,7.3787,clouds,overcast clouds,stations,29.8,32.27,29.8,29.8,1010,59,1010,949,10000,1.98,185,2.47,88,2026-06-09 15:15:21,2026-06-09 05:10:18,2026-06-09 17:49:20,NG,Maitama,2026-06-09 15:15:22.352554,15,2026-06-09,15:15:21,Tuesday
gwagwalada,9.0764,6.9854,clouds,overcast clouds,stations,33.91,37.23,33.91,33.91,1009,47,1009,986,10000,3.17,186,2.36,89,2026-06-09 15:15:22,2026-06-09 05:12:14,2026-06-09 17:50:33,NG,Kwali,2026-06-09 15:15:22.918180,15,2026-06-09,15:15:22,Tuesday
makurdi,7.7306,8.5361,clouds,overcast clouds,stations,31.48,35.89,31.48,31.48,1009,60,1009,999,10000,2.34,234,3.78,99,2026-06-09 15:15:22,2026-06-09 05:08:23,2026-06-09 17:42:00,NG,Walmayo,2026-06-09 15:15:23.489212,15,2026-06-09,15:15:22,Tuesday
panda,9.2624,7.8385,rain,light rain,stations,26.41,26.41,26.41,26.41,1011,79,1011,968,10000,0.78,298,1.0,91,2026-06-09 18:11:39,2026-06-09 05:08:30,2026-06-09 17:47:28,NG,Maitama,2026-06-09 18:11:40.044631,18,2026-06-09,18:11:39,Tuesday
gurara,9.322,7.0232,clouds,broken clouds,stations,28.21,30.52,28.21,28.21,1010,66,1010,970,10000,2.18,164,5.09,71,2026-06-09 18:11:40,2026-06-09 05:11:39,2026-06-09 17:50:50,NG,Suleja,2026-06-09 18:11:40.596349,18,2026-06-09,18:11:40,Tuesday
bwari,9.2856,7.3787,rain,light rain,stations,25.39,26.05,25.39,25.39,1011,79,1011,949,10000,1.34,193,2.13,80,2026-06-09 18:11:40,2026-06-09 05:10:18,2026-06-09 17:49:20,NG,Maitama,2026-06-09 18:11:41.146820,18,2026-06-09,18:11:40,Tuesday
gwagwalada,9.0764,6.9854,clouds,broken clouds,stations,29.44,32.15,29.44,29.44,1009,62,1009,987,10000,1.58,167,2.57,70,2026-06-09 18:11:41,2026-06-09 05:12:14,2026-06-09 17:50:33,NG,Kwali,2026-06-09 18:11:41.697951,18,2026-06-09,18:11:41,Tuesday
makurdi,7.7306,8.5361,clouds,overcast clouds,stations,27.9,31.0,27.9,27.9,1010,74,1010,999,10000,2.92,208,7.62,85,2026-06-09 18:11:41,2026-06-09 05:08:23,2026-06-09 17:42:00,NG,Walmayo,2026-06-09 18:11:42.256145,18,2026-06-09,18:11:41,Tuesday
panda,9.2624,7.8385,clouds,broken clouds,stations,24.47,25.24,24.47,24.47,1013,87,1013,970,10000,0.65,234,0.78,72,2026-06-09 21:50:57,2026-06-09 05:08:30,2026-06-09 17:47:28,NG,Maitama,2026-06-09 21:50:57.628426,21,2026-06-09,21:50:57,Tuesday
gurara,9.322,7.0232,rain,light rain,stations,25.19,25.83,25.19,25.19,1012,79,1012,972,10000,0.82,161,1.02,40,2026-06-09 21:50:57,2026-06-09 05:11:39,2026-06-09 17:50:50,NG,Suleja,2026-06-09 21:50:58.190430,21,2026-06-09,21:50:57,Tuesday
bwari,9.2856,7.3787,clouds,scattered clouds,stations,23.51,24.11,23.51,23.51,1013,84,1013,951,10000,1.29,159,1.43,50,2026-06-09 21:50:58,2026-06-09 05:10:18,2026-06-09 17:49:20,NG,Maitama,2026-06-09 21:50:58.748995,21,2026-06-09,21:50:58,Tuesday
gwagwalada,9.0764,6.9854,rain,light rain,stations,26.17,26.17,26.17,26.17,1012,77,1012,989,10000,1.17,176,1.22,23,2026-06-09 21:50:58,2026-06-09 05:12:14,2026-06-09 17:50:33,NG,Kwali,2026-06-09 21:50:59.301547,21,2026-06-09,21:50:58,Tuesday
makurdi,7.7306,8.5361,clouds,broken clouds,stations,25.95,25.95,25.95,25.95,1013,83,1013,1001,10000,3.22,204,8.95,81,2026-06-09 21:50:59,2026-06-09 05:08:23,2026-06-09 17:42:00,NG,Walmayo,2026-06-09 21:50:59.854164,21,2026-06-09,21:50:59,Tuesday
panda,9.2624,7.8385,clouds,broken clouds,stations,24.2,24.97,24.2,24.2,1013,88,1013,970,10000,0.96,165,1.05,74,2026-06-09 23:19:56,2026-06-10 05:08:37,2026-06-10 17:47:43,NG,Maitama,2026-06-09 23:19:56.702029,23,2026-06-09,23:19:56,Tuesday
gurara,9.322,7.0232,clouds,broken clouds,stations,24.65,25.31,24.65,24.65,1013,82,1013,972,10000,1.38,192,1.45,52,2026-06-09 23:19:56,2026-06-10 05:11:46,2026-06-10 17:51:05,NG,Suleja,2026-06-09 23:19:57.301592,23,2026-06-09,23:19:56,Tuesday
bwari,9.2856,7.3787,clouds,broken clouds,stations,23.3,23.93,23.3,23.3,1013,86,1013,951,10000,1.61,158,1.61,59,2026-06-09 23:19:57,2026-06-10 05:10:25,2026-06-10 17:49:36,NG,Maitama,2026-06-09 23:19:57.897338,23,2026-06-09,23:19:57,Tuesday
gwagwalada,9.0764,6.9854,clouds,scattered clouds,stations,25.79,26.51,25.79,25.79,1012,80,1012,989,10000,1.48,183,1.57,31,2026-06-09 23:19:57,2026-06-10 05:12:21,2026-06-10 17:50:48,NG,Kwali,2026-06-09 23:19:58.034938,23,2026-06-09,23:19:57,Tuesday
makurdi,7.7306,8.5361,clouds,broken clouds,stations,25.67,26.46,25.67,25.67,1013,83,1013,1002,10000,3.15,202,8.98,73,2026-06-09 23:19:58,2026-06-10 05:08:31,2026-06-10 17:42:14,NG,Walmayo,2026-06-09 23:19:58.636260,23,2026-06-09,23:19:58,Tuesday
panda,9.2624,7.8385,clouds,broken clouds,stations,22.7,23.51,22.7,22.7,1013,95,1013,969,10000,0.78,231,0.83,73,2026-06-10 04:10:40,2026-06-10 05:08:37,2026-06-10 17:47:43,NG,Maitama,2026-06-10 04:10:41.355503,4,2026-06-10,04:10:40,Wednesday
gurara,9.322,7.0232,rain,moderate rain,stations,22.6,23.37,22.6,22.6,1013,94,1013,972,10000,1.01,165,1.89,92,2026-06-10 04:10:41,2026-06-10 05:11:46,2026-06-10 17:51:05,NG,Suleja,2026-06-10 04:10:41.490020,4,2026-06-10,04:10:41,Wednesday
bwari,9.2856,7.3787,rain,light rain,stations,21.71,22.42,21.71,21.71,1013,95,1013,950,10000,1.5,211,3.99,94,2026-06-10 04:10:41,2026-06-10 05:10:25,2026-06-10 17:49:36,NG,Maitama,2026-06-10 04:10:42.059877,4,2026-06-10,04:10:41,Wednesday
gwagwalada,9.0764,6.9854,rain,moderate rain,stations,23.38,24.23,23.38,23.38,1012,94,1012,989,10000,0.98,152,1.08,96,2026-06-10 04:10:42,2026-06-10 05:12:21,2026-06-10 17:50:48,NG,Kwali,2026-06-10 04:10:42.629244,4,2026-06-10,04:10:42,Wednesday
makurdi,7.7306,8.5361,clouds,broken clouds,stations,24.0,24.86,24.0,24.0,1012,92,1012,1001,10000,1.98,215,6.89,59,2026-06-10 04:10:42,2026-06-10 05:08:31,2026-06-10 17:42:14,NG,Walmayo,2026-06-10 04:10:43.193572,4,2026-06-10,04:10:42,Wednesday
panda,9.2624,7.8385,clouds,broken clouds,stations,29.07,32.33,29.07,29.07,1014,67,1014,971,10000,1.72,178,2.01,54,2026-06-10 10:12:04,2026-06-10 05:08:37,2026-06-10 17:47:43,NG,Maitama,2026-06-10 10:12:04.885453,10,2026-06-10,10:12:04,Wednesday
gurara,9.322,7.0232,clouds,overcast clouds,stations,28.3,31.41,28.3,28.3,1013,71,1013,973,10000,1.54,159,1.56,88,2026-06-10 10:12:04,2026-06-10 05:11:46,2026-06-10 17:51:05,NG,Suleja,2026-06-10 10:12:05.483886,10,2026-06-10,10:12:04,Wednesday
bwari,9.2856,7.3787,clouds,broken clouds,stations,26.48,26.48,26.48,26.48,1014,75,1014,952,10000,1.41,190,1.74,83,2026-06-10 10:12:05,2026-06-10 05:10:25,2026-06-10 17:49:36,NG,Maitama,2026-06-10 10:12:06.076269,10,2026-06-10,10:12:05,Wednesday
gwagwalada,9.0764,6.9854,clouds,broken clouds,stations,31.16,35.45,31.16,31.16,1013,61,1013,990,10000,1.23,160,1.51,69,2026-06-10 10:12:06,2026-06-10 05:12:21,2026-06-10 17:50:48,NG,Kwali,2026-06-10 10:12:06.666560,10,2026-06-10,10:12:06,Wednesday
makurdi,7.7306,8.5361,rain,light rain,stations,27.48,30.72,27.48,27.48,1014,79,1014,1003,10000,2.31,156,2.96,98,2026-06-10 10:12:06,2026-06-10 05:08:31,2026-06-10 17:42:14,NG,Walmayo,2026-06-10 10:12:07.263003,10,2026-06-10,10:12:06,Wednesday
panda,9.2624,7.8385,clouds,overcast clouds,stations,28.74,32.0,28.74,28.74,1011,69,1011,968,10000,2.55,189,3.0,89,2026-06-10 15:49:12,2026-06-10 05:08:37,2026-06-10 17:47:43,NG,Maitama,2026-06-10 15:49:12.612818,15,2026-06-10,15:49:12,Wednesday
gurara,9.322,7.0232,rain,light rain,stations,29.07,32.69,29.07,29.07,1010,69,1010,970,10000,2.86,167,3.68,82,2026-06-10 15:49:12,2026-06-10 05:11:46,2026-06-10 17:51:05,NG,Suleja,2026-06-10 15:49:12.782603,15,2026-06-10,15:49:12,Wednesday
bwari,9.2856,7.3787,rain,light rain,stations,27.44,30.05,27.44,27.44,1011,74,1011,949,10000,2.6,168,3.28,83,2026-06-10 15:49:12,2026-06-10 05:10:25,2026-06-10 17:49:36,NG,Maitama,2026-06-10 15:49:12.998074,15,2026-06-10,15:49:12,Wednesday
gwagwalada,9.0764,6.9854,rain,light rain,stations,29.93,34.87,29.93,29.93,1010,70,1010,988,10000,2.02,154,3.14,90,2026-06-10 15:49:13,2026-06-10 05:12:21,2026-06-10 17:50:48,NG,Kwali,2026-06-10 15:49:13.170543,15,2026-06-10,15:49:13,Wednesday
makurdi,7.7306,8.5361,clouds,overcast clouds,stations,26.18,26.18,26.18,26.18,1009,79,1009,998,10000,3.24,259,5.67,100,2026-06-10 15:49:13,2026-06-10 05:08:31,2026-06-10 17:42:14,NG,Walmayo,2026-06-10 15:49:13.331520,15,2026-06-10,15:49:13,Wednesday
panda,9.2624,7.8385,clouds,overcast clouds,stations,25.31,26.17,25.31,25.31,1012,87,1012,968,10000,0.68,307,0.71,94,2026-06-10 18:33:56,2026-06-10 05:08:37,2026-06-10 17:47:43,NG,Maitama,2026-06-10 18:33:57.055350,18,2026-06-10,18:33:56,Wednesday
gurara,9.322,7.0232,clouds,few clouds,stations,25.85,26.61,25.85,25.85,1011,81,1011,971,10000,0.99,209,1.07,13,2026-06-10 18:33:57,2026-06-10 05:11:46,2026-06-10 17:51:05,NG,Suleja,2026-06-10 18:33:57.612713,18,2026-06-10,18:33:57,Wednesday
bwari,9.2856,7.3787,clouds,scattered clouds,stations,24.18,24.95,24.18,24.18,1012,88,1012,950,10000,0.55,272,0.71,31,2026-06-10 18:33:57,2026-06-10 05:10:25,2026-06-10 17:49:36,NG,Maitama,2026-06-10 18:33:58.169269,18,2026-06-10,18:33:57,Wednesday
gwagwalada,9.0764,6.9854,clouds,few clouds,stations,26.88,29.39,26.88,26.88,1011,79,1011,988,10000,1.36,199,1.41,15,2026-06-10 18:33:58,2026-06-10 05:12:21,2026-06-10 17:50:48,NG,Kwali,2026-06-10 18:33:58.285496,18,2026-06-10,18:33:58,Wednesday
makurdi,7.7306,8.5361,clouds,scattered clouds,stations,24.47,25.32,24.47,24.47,1010,90,1010,999,10000,1.29,110,1.49,48,2026-06-10 18:33:58,2026-06-10 05:08:31,2026-06-10 17:42:14,NG,Walmayo,2026-06-10 18:33:58.837600,18,2026-06-10,18:33:58,Wednesday
panda,9.2624,7.8385,clouds,overcast clouds,stations,24.46,25.31,24.46,24.46,1013,90,1013,970,10000,0.9,85,0.96,93,2026-06-10 22:08:11,2026-06-10 05:08:37,2026-06-10 17:47:43,NG,Maitama,2026-06-10 22:08:11.543976,22,2026-06-10,22:08:11,Wednesday
gurara,9.322,7.0232,clouds,scattered clouds,stations,24.75,25.58,24.75,24.75,1012,88,1012,971,10000,1.21,143,1.79,43,2026-06-10 22:08:11,2026-06-10 05:11:46,2026-06-10 17:51:05,NG,Suleja,2026-06-10 22:08:11.979839,22,2026-06-10,22:08:11,Wednesday
bwari,9.2856,7.3787,clouds,broken clouds,stations,23.35,24.17,23.35,23.35,1013,93,1013,950,10000,1.25,124,1.51,61,2026-06-10 22:08:12,2026-06-10 05:10:25,2026-06-10 17:49:36,NG,Maitama,2026-06-10 22:08:12.535929,22,2026-06-10,22:08:12,Wednesday
gwagwalada,9.0764,6.9854,clouds,scattered clouds,stations,25.76,26.64,25.76,25.76,1011,86,1011,988,10000,0.99,143,1.08,40,2026-06-10 22:08:12,2026-06-10 05:12:21,2026-06-10 17:50:48,NG,Kwali,2026-06-10 22:08:13.091736,22,2026-06-10,22:08:12,Wednesday
makurdi,7.7306,8.5361,clouds,broken clouds,stations,24.2,25.0,24.2,24.2,1012,89,1012,1001,10000,1.61,136,2.47,83,2026-06-10 22:08:13,2026-06-10 05:08:31,2026-06-10 17:42:14,NG,Walmayo,2026-06-10 22:08:13.650503,22,2026-06-10,22:08:13,Wednesday
panda,9.2624,7.8385,clouds,overcast clouds,stations,22.72,23.42,22.72,22.72,1012,91,1012,968,10000,0.59,192,0.63,92,2026-06-11 04:23:20,2026-06-11 05:08:45,2026-06-11 17:47:58,NG,Maitama,2026-06-11 04:23:20.651319,4,2026-06-11,04:23:20,Thursday
gurara,9.322,7.0232,rain,light rain,stations,22.47,23.17,22.47,22.47,1012,92,1012,971,10000,0.67,196,0.76,89,2026-06-11 04:23:20,2026-06-11 05:11:54,2026-06-11 17:51:20,NG,Suleja,2026-06-11 04:23:21.204029,4,2026-06-11,04:23:20,Thursday
bwari,9.2856,7.3787,rain,light rain,stations,21.45,22.05,21.45,21.45,1012,92,1012,949,10000,0.61,214,0.67,86,2026-06-11 04:23:21,2026-06-11 05:10:33,2026-06-11 17:49:51,NG,Maitama,2026-06-11 04:23:21.760821,4,2026-06-11,04:23:21,Thursday
gwagwalada,9.0764,6.9854,rain,light rain,stations,23.26,23.97,23.26,23.26,1012,89,1012,988,10000,1.01,193,1.13,85,2026-06-11 04:23:21,2026-06-11 05:12:29,2026-06-11 17:51:03,NG,Kwali,2026-06-11 04:23:22.316356,4,2026-06-11,04:23:21,Thursday
makurdi,7.7306,8.5361,clouds,broken clouds,stations,22.06,22.67,22.06,22.06,1012,90,1012,1000,10000,1.56,196,1.67,58,2026-06-11 04:23:22,2026-06-11 05:08:39,2026-06-11 17:42:29,NG,Walmayo,2026-06-11 04:23:22.866372,4,2026-06-11,04:23:22,Thursday
panda,9.2624,7.8385,clouds,broken clouds,stations,33.44,37.19,33.44,33.44,1012,50,1012,970,10000,0.87,102,2.34,55,2026-06-11 10:45:54,2026-06-11 05:08:45,2026-06-11 17:47:58,NG,Maitama,2026-06-11 10:45:54.506029,10,2026-06-11,10:45:54,Thursday
gurara,9.322,7.0232,clouds,overcast clouds,stations,32.68,35.39,32.68,32.68,1012,49,1012,972,10000,1.33,266,2.16,100,2026-06-11 10:45:54,2026-06-11 05:11:54,2026-06-11 17:51:20,NG,Suleja,2026-06-11 10:45:55.060198,10,2026-06-11,10:45:54,Thursday
bwari,9.2856,7.3787,clouds,overcast clouds,stations,32.02,34.64,32.02,32.02,1012,51,1012,951,10000,0.4,335,2.46,96,2026-06-11 10:45:55,2026-06-11 05:10:33,2026-06-11 17:49:51,NG,Maitama,2026-06-11 10:45:55.614958,10,2026-06-11,10:45:55,Thursday
gwagwalada,9.0764,6.9854,clouds,overcast clouds,stations,33.24,36.48,33.24,33.24,1012,49,1012,989,10000,1.13,260,1.49,92,2026-06-11 10:45:55,2026-06-11 05:12:29,2026-06-11 17:51:03,NG,Kwali,2026-06-11 10:45:56.170719,10,2026-06-11,10:45:55,Thursday
makurdi,7.7306,8.5361,clouds,few clouds,stations,33.91,37.23,33.91,33.91,1011,47,1011,1001,10000,1.16,124,1.62,19,2026-06-11 10:45:56,2026-06-11 05:08:39,2026-06-11 17:42:29,NG,Walmayo,2026-06-11 10:45:56.724422,10,2026-06-11,10:45:56,Thursday
panda,9.2624,7.8385,rain,moderate rain,stations,24.52,25.22,24.52,24.52,1010,84,1010,967,10000,2.45,322,3.8,82,2026-06-11 16:11:39,2026-06-11 05:08:45,2026-06-11 17:47:58,NG,Maitama,2026-06-11 16:11:40.017873,16,2026-06-11,16:11:39,Thursday
gurara,9.322,7.0232,rain,heavy intensity rain,stations,23.3,23.98,23.3,23.3,1011,88,1011,970,2895,7.34,57,12.87,76,2026-06-11 16:11:40,2026-06-11 05:11:54,2026-06-11 17:51:20,NG,Suleja,2026-06-11 16:11:40.569830,16,2026-06-11,16:11:40,Thursday
bwari,9.2856,7.3787,rain,heavy intensity rain,stations,21.53,22.27,21.53,21.53,1011,97,1011,948,7206,2.34,343,5.27,85,2026-06-11 16:11:40,2026-06-11 05:10:33,2026-06-11 17:49:51,NG,Maitama,2026-06-11 16:11:40.749580,16,2026-06-11,16:11:40,Thursday
gwagwalada,9.0764,6.9854,rain,moderate rain,stations,30.0,33.45,30.0,30.0,1010,63,1010,987,10000,3.76,40,6.33,76,2026-06-11 16:11:40,2026-06-11 05:12:29,2026-06-11 17:51:03,NG,Kwali,2026-06-11 16:11:41.299289,16,2026-06-11,16:11:40,Thursday
makurdi,7.7306,8.5361,clear,clear sky,stations,34.08,36.96,34.08,34.08,1008,45,1008,997,10000,0.6,140,1.08,8,2026-06-11 16:11:41,2026-06-11 05:08:39,2026-06-11 17:42:29,NG,Walmayo,2026-06-11 16:11:41.857126,16,2026-06-11,16:11:41,Thursday
